ID,NAZICO,OBEC,N_ACTIVE_SECTORS,SECTORS
320205_POV,Radošov - ÚV,KYSELKA,0,
320303_POD,VOSS podzemní zdroj Šindelová- Obora,Šindelová,1,Public Supply
320304_POD,"Vak Březová Kamenice S1,2",Březová,1,Public Supply
320910_VYP,Sokolovská uhelná Kynšperk nad Ohří,Kynšperk nad Ohří,0,
320207_POD,Vak K.Vary Bečov nad Teplou,Bečov nad Teplou,1,Public Supply
320228_VYP,Vak Radošov - kanalizace,Kyselka,0,
321470_VYP,Sokolovská uhelná  Sokolov,Vintířov,0,
321810_VYP,Sokolovská uhelná Citice,Citice,0,
321540_VYP,Vysoká Pec u Nejdku - ČOV,Vysoká Pec,0,
320750_VYP,Kamenolom Lipná - důlní,Hazlov,0,
320633_VYP,Sokolovská uhelná  Vintířov-dosazovací nádrž,Vintířov,0,
320105_VYP,"CHEVAK Cheb, Švédský vrch",Cheb,0,
320203_VYP,Vak  Žalmanov,Stružná,0,
322055_POD,Minerální vody Mattoni HV 53AP,Hradiště,1,Mineral Waters
320107_POD,Chevak Bavory - česká část,Pomezí nad Ohří,1,Public Supply
322012_POD,Minerální vody Magnesia,Prameny,1,Mineral Waters
321370_POD,Agrokombinát Palič,Lipová,1,Livestock
320126_POD,Chevak Schönberg - česká část,Hazlov,1,Public Supply
322040_VYP,Petainer dešťové vody,Aš,0,
323130_POV,Zahrádkářský svaz Cheb - osada  Maškov,Cheb,1,Irrigation
320106_VYP,"CHEVAK Cheb, a. s., Podhrad ČOV",Cheb,0,
320914_VYP,Sokolovská Uhelná ČS J-6,Královské Poříčí,0,
321590_VYP,Tisová-rybochovný objekt,Březová,0,
321270_VYP,Sokolovská uhelná  výsypka Matyáš,Lomnice,0,
320202_VYP,Vak  Božíčany,Božičany,0,
320100_POD,CHEVAK - Nový Kostel - prameniště,Nový Kostel,1,Public Supply
320302_POD,VOSS zdroj Háj u Jindřichovic,Jindřichovice,1,Public Supply
321590_POV,Tisová-rybochovný objekt,Březová,1,Other Industry
322110_POD,RVES BUBLAVA  - jatka,Kraslice,1,Livestock
321581_VYP,LB MINERALS-Chebská výsypka,Křižovatka,0,
321000_POV,Město Sokolov areál Bohemia,Sokolov,1,Other Industry
321440_POV,Město Františkovy Lázně - Labutí jezírko,Františkovy Lázně,1,Other Industry
321971_POD,Minerální vody Mattoni HJ 4,Hradiště,1,Mineral Waters
321967_POD,Minerální vody Mattoni BJ10,Kyselka,1,Mineral Waters
321360_POD,Správa parků K. Vary - Smetanovy sady,Karlovy Vary,1,Irrigation
321930_POD,"Domov """"""""PRAMEN"""""""" Mnichov",Mnichov,1,Other Industry
321260_VYP,SU - Dasnice kamenolom,Dasnice,0,
322770_VYP,Recont Otovice - ČOV,Otovice,0,
320781_VYP,Metalis-dešťová+chlazení,Nejdek,0,
320860_VYP,Bohemia Porcelán Stará Role - ČOV,Karlovy Vary,0,
321460_VYP,SU - výsypka Boučí,Sokolov,0,
320231_VYP,Město Krásno ČOV,Krásno,0,
320231_POD,Vak K. Vary Krásno - důlní,Krásno,1,Public Supply
320918_VYP,SU - výsypka Erika,Lomnice,0,
321850_VYP,SU - výsypka.Silvestr východ,Sokolov,0,
321050_VYP,Strojírny Cheb - ČOV,Cheb,0,
320214_POD,Vak K.Vary - Stružná,Stružná,1,Public Supply
321273_VYP,SU - výsypka Lítov-CHL 9+vrty,Habartov,0,
321770_VYP,SU - Habartov hrado D 2-výsypka Boden,Habartov,0,
321005_VYP,SU - důlní vody z ČS Marie II,Sokolov,0,
321270_POV,SU - lom zatápění  Medard - Libík,Sokolov,1,Other Industry
321320_POV,Thun Nová Role - novorolský rybník,Nová Role,1,Industrial Technology
321620_POV,Kamenolom-DRAGOUN Pavel,Cheb,1,Other Industry
320860_POV,Bohemia Porcelán Stará Role,Karlovy Vary,1,Industrial Technology
320702_POD,Vlnap Nejdek,Nejdek,1,Industrial Technology
320810_VYP,MONTSTAV CZ Dolní Rychnov,Sokolov,0,
320801_VYP,Flabeg Oloví - kanalizace-31.12.2018 konec,Oloví,0,
321350_POV,Správa parků K. Vary - Smetanovy sady,Karlovy Vary,1,Irrigation
321760_POV,CEPS-Teplá,Teplá,1,Industrial Technology
322850_VYP,Zámek Lužec u Nejdku ČOV,Nejdek,0,
320902_POD,"KMV Aquila - HV18,19,37,38",Hradiště,1,Other Industry
320903_POD,KMV Aquila - HV17,Kyselka,1,Other Industry
320138_POD,CHEVAK - Nový Kostel - studna,Nový Kostel,1,Public Supply
322053_POD,Minerální vody Mattoni HV52,Hradiště,1,Mineral Waters
322850_POD,Zámek Lužec u Nejdku,Nejdek,1,Public Supply
321520_POV,Amati Kraslice 110,Kraslice,2,Industrial Technology; Once-through Cooling
320919_VYP,SU - výsypky Gustav,Citice,0,
321240_VYP,KMS Kraslice-kanalizace,Kraslice,0,
322192_POV,jednorázové odběry - zkouška plynovodu,Loket,1,Industrial Technology
322193_POV,jednorázový odběr - zkouška plynovodu,Teplá,1,Industrial Technology
322250_POD,Ing. Alois Vörös - Dolní Hraničná - S5,Cheb,1,Public Supply
321940_POV,IMERYS K. Vary,Karlovy Vary,1,Industrial Technology
320890_POD,Elektrárna Tisová-čerpání POD,Březová,1,Industrial Technology
320326_VYP,VOSS Habartov - Úžlabí - ČOV,Habartov,0,
320116_POD,CHEVAK - Odrava - Studna S3,Odrava,1,Public Supply
320641_POV,ARC-leasing - zasněžování,Stříbrná,1,Other Industry
320642_POV,SKi areál Bublava,Bublava,1,Other Industry
322170_POD,Zahrádky - studny Š1-5,Pomezí nad Ohří,1,Irrigation
322220_POD,Českomoravský štěrk Milhostov,Milhostov,1,Industrial Technology
320237_POD,Vodní zdroj Lučiny,Hradiště,1,Public Supply
321970_POD,Minerální vody Mattoni HJ3,Hradiště,1,Mineral Waters
321993_POD,Minerální vody Mattoni HV 31,Hradiště,1,Mineral Waters
320101_VYP,CHEVAK - Žírovice ČOV,Františkovy Lázně,0,
321261_VYP,SU - ČOV Monoblok v areálu Lom Marie,Královské Poříčí,0,
320720_POV,Teplárna Karlovy Vary,Karlovy Vary,1,Industrial Technology
322080_POD,Obec Šindelová - Krásná  Lípa,Šindelová,1,Public Supply
320135_POD,CHEVAK - Odrava - Studna S8,Odrava,1,Public Supply
320910_POV,SU - úpravna a třídírna uhlí Tisová,Březová,1,Other Industry
321390_POV,Povodí Ohře - z VD Podhora do VD M. Lázně,Ovesné Kladruby,1,Other Industry
320327_VYP,VOSS Rudolec ČOV,Březová,0,
320336_VYP,VOSS Habartov II - Kluč ČOV,Josefov,0,
320335_VYP,VOSS Sokolov - ČOV Vintířov II,Vintířov,0,
320334_VYP,VOSS Josefov ČOV,Josefov,0,
320333_VYP,VOSS - Svatava ČOV,Svatava,0,
320325_VYP,VOSS - Oloví - horní ČOV,Oloví,0,
322091_VYP,SU-Nádrž Michal vypouštění z VD,Sokolov,0,
320324_VYP,VOSS - ÚV Horka-Kalová laguna,Nový Kostel,0,
320322_VYP,VOSS - ČOV Vintířov I,Vintířov,0,
322781_VYP,ÚV Krásno,Krásno,0,
322780_VYP,Město Krásno ČOV,Horní Slavkov,0,
322240_VYP,Obec Velký Luh - ČOV,Skalná,0,
320337_VYP,VOSS Lítov ČOV,Habartov,0,
322090_VYP,SU vodní areál Michal - převod vody do VD,Sokolov,0,
320338_VYP,VOSS Oloví Hory ČOV,Oloví,0,
320634_VYP,SU - převod vody z Ohře do Chodovského p.,Vřesová,0,
320340_VYP,VOSS Šabina ČOV,Šabina,0,
320636_VYP,SU - Nové Sedlo Družba sever,Nové Sedlo,0,
321910_VYP,SU - Vintířov ČOV - kuchyň Jiří,Vintířov,0,
320635_VYP,SU - Nové Sedlo - lom Družba,Nové Sedlo,0,
320630_VYP,SU - dočišťovací nádrž,Chodov,0,
320620_VYP,Sedlecký kaolin Božíčany - sedimentační nádrž,Božičany,0,
320598_VYP,Sedlecký kaolin Podlesí III -Čapí Hnízdo,Sadov,0,
320339_VYP,VOSS Dolní Rychnov ČOV,Dolní Rychnov,0,
320595_VYP,Sedlecký kaolin - lom Skalná,Skalná,0,
320591_VYP,Sedlecký kaolin a.s. - Otovice - Kocourek,Otovice,0,
320590_VYP,Sedlecký Kaolin - lom Podlesí II,Sadov,0,
320552_VYP,Rájov - ČOV a kanalizace,Mnichov,0,
320550_VYP,OÚ Mnichov - ČOV,Mnichov,0,
320521_VYP,Věznice Kynšperk nad Ohří,Libavské Údolí,0,
320341_VYP,VOSS Dasnice ČOV,Dasnice,0,
320592_VYP,Sedlecký kaolin a.s. - Osmosa,Božičany,0,
321900_VYP,SU - Lomnice-2D-důlní,Lomnice,0,
321582_VYP,LB MINERALS - lom Hrozňatov,Cheb,0,
320320_VYP,VOSS Citice ČOV,Citice,0,
321630_VYP,CHEVAK CHEB - kanalizace,Cheb,0,
320301_VYP,VOSS - Sokolov-Těšovice ČOV,Těšovice,0,
320300_VYP,VOSS - Kostelní Bříza ČOV,Březová,0,
320250_VYP,OC Varyáda - 7 ks ORL,Karlovy Vary,0,
320234_VYP,Vak K.Vary - Teplička ČOV,Teplička,0,
320233_VYP,Vak K.Vary - Nová Ves ČOV,Nová Ves,0,
321640_VYP,Minerální vody  Mnichov závod Magnesia ČOV,Mnichov,0,
320230_VYP,Vak K.Vary - Stanovice ČOV,Stanovice,0,
321610_VYP,Eurovia Kamenolomy - lom Děpoltovice,Děpoltovice,0,
321591_VYP,Tisová-rybáři oteplená voda,Březová,0,
321570_VYP,LB MINERALS - Nová Ves 2 a Karel předpolí,Křižovatka,0,
321520_VYP,"Amati-Denak, závod 1 - ČOV",Kraslice,0,
321500_VYP,Město Rotava ČOV,Rotava,0,
320638_VYP,SU - Královské Poříčí-ČS J6,Královské Poříčí,0,
320229_VYP,Vak K.Vary - Jimlíkov ČOV,Nová Role,0,
321670_VYP,LB Minerals - lom Suchá,Skalná,0,
321700_VYP,LB Minerals - lom Zelená,Skalná,0,
321725_VYP,HEXPOL Compounding Lesina s.r.o. - ČOV,Třebeň,0,
320317_VYP,VOSS Březová ČOV,Březová,0,
320314_VYP,VOSS Lomnice ČOV,Lomnice,0,
320313_VYP,VOSS Habartov a Bukovany ČOV,Habartov,0,
320312_VYP,VOSS Krajková I ČOV,Krajková,0,
320311_VYP,VOSS Kynšperk ČOV,Kynšperk nad Ohří,0,
320310_VYP,VOSS Dolní Pochlovice,Kynšperk nad Ohří,0,
320306_VYP,VOSS - Rovná ČOV,Rovná,0,
320305_VYP,VOSS - Krajková II ČOV,Krajková,0,
320304_VYP,VOSS - Loket ČOV,Loket,0,
321880_VYP,SU - Lomnice 2B-důlní,Lomnice,0,
321870_VYP,SU - Vintířovská výsypka,Vřesová,0,
321822_VYP,SU - Smolnická výsypka  PN2 a M4,Božičany,0,
321821_VYP,SU - Smolnická výsypka M3,Božičany,0,
321820_VYP,SU - Smolnická výsypka dren č. 5,Božičany,0,
321730_VYP,LB MINERALS - lom Vackov,Plesná,0,
321890_VYP,SU - Lomnice-2C-důlní,Lomnice,0,
320650_VYP,Immogard - ČOV,Kynšperk nad Ohří,0,
370077_POD,Obec Dolní Nivy -Horní Rozmyšl,Dolní Nivy,1,Public Supply
320720_VYP,Teplárna Karlovy  Vary,Karlovy Vary,0,
360438_POV,rostlinná výroba - MAVEX AGRO spol. s. r. o.,Cheb,1,Irrigation
360161_POV,zálivka pozemku (hřiště) - Obec Svatava,Svatava,1,Irrigation
320303_POV,VOSS Podstrání,Rovná,1,Public Supply
140223_POD,Léčebné lázně Lázně Kynžvart,Lázně Kynžvart,1,Mineral Waters
322110_VYZ,SANAKA Horní Slavkov,Horní Slavkov,0,
140293_VYP,Léčebné lázně Lázně Kynžvart,Lázně Kynžvart,0,
360472_POV,zálivka jahodníků - Tomáš Baloun,Šabina,1,Irrigation
320217_VYP,Vak K.Vary - Chodov ČOV,Chodov,0,
320213_VYP,Vak K. Vary - Kladská ČOV,Mariánské Lázně,0,
320212_VYP,Vak K. Vary - Nová Role ČOV,Nová Role,0,
320208_VYP,Vak K. Vary - Nové Hamry ČOV,Nové Hamry,0,
320207_VYP,Vak K. Vary - Kyselka ČOV,Kyselka,0,
320206_VYP,Vak  K. Vary - K.Vary ČOV,Karlovy Vary,0,
320201_VYP,Vak K.Vary - Bečov ČOV,Bečov nad Teplou,0,
320215_VYP,Vak K.Vary - Velichov ČOV,Velichov,0,
320200_VYP,Vak K.Vary - Stružná ČOV,Stružná,0,
360473_POV,napájení zvířat - AGROWILD Nová Ves s. r. o.,Mnichov,0,
360856_POV,závlaha vzdušného líce hráze,Nový Kostel,1,Irrigation
370285_POD,"Sokolovská uhelná, p. n., a. s. - vrtaná studna",Jindřichovice,1,Other Industry
370280_POD,ČS PHM MOL Svatý Kříž - vrtaná studna,Cheb,1,Other Industry
370255_POD,Obec Stříbrná - vývěr podzemní vody,Stříbrná,1,Other Industry
370203_POD,CHEVAK - vodní zdroj Těšov,Milíkov,1,Public Supply
370196_POD,Casina Admirál Svatý Kříž - Háje u Chebu,Cheb,1,Public Supply
370147_POD,České lupkové závody a.s. - pitné,Stříbrná,0,
360743_POV,"závlaha fotb. hřišť, tenis. kurtů - SOTES Sokolov",Sokolov,2,Other Industry; Irrigation
370146_POD,Město Krásno - pitné,Krásno,0,
370075_POD,Obec Dolní Nivy,Dolní Nivy,1,Public Supply
370053_POD,VOSS Lobzy,Březová,1,Public Supply
321283_POD,Vodovod Nová Kyselka,Kyselka,2,Public Supply; Livestock
320331_POD,VOSS studna Nadlesí,Loket,1,Public Supply
361237_POV,Vojenské lesy a statky - závlaha lesní školky,Doupovské Hradiště,1,Irrigation
361210_POV,České dráhy - odběr z vodní nádrže (zdrže),Cheb,1,Industrial Technology
321450_VYP,Obec Odrava - ČOV,Odrava,0,
320125_VYP,CHEVAK - Hazlov ČOV,Hazlov,0,
320124_VYP,CHEVAK - ÚV Nebanice,Nebanice,0,
320123_VYP,CHEVAK - Křižovatka ČOV,Křižovatka,0,
321003_VYP,SU - Vintířov-ČS Lipnice,Vintířov,0,
321002_VYP,SU - Vintířov-Panský rybník,Vintířov,0,
321000_VYP,SU - hlubina Marie,Královské Poříčí,0,
320970_VYP,Léčivé zdroje Karlovy Vary ČOV,Karlovy Vary,0,
320917_VYP,SU - ÚDV Medard,Svatava,0,
320913_VYP,SU - lokalita Jiří - jih,Sokolov,0,
321004_VYP,SU - výsypka Silvestr,Dolní Rychnov,0,
320911_VYP,SU - Citice - dešťová zdrž Rybník,Citice,0,
320892_VYP,Elektrárna Tisová - retenční nádrž,Březová,0,
320890_VYP,Elektrárna Tisová,Březová,0,
320844_VYP,Synthomer a.s. - Vychlazovací rybníky,Těšovice,0,
320800_VYP,AGC- závod Oloví ČOV,Oloví,0,
320780_VYP,Metalis Nejdek ČOV,Nejdek,0,
320760_VYP,Letiště Karlovy Vary - drenážní vody,Kolová,0,
320900_VYP,Minerální vody závod Mattoni - ČOV Kyselka,Kyselka,0,
321020_VYP,"Sedlecký kaolin  a.s. - Jimlíkov I, II",Nová Role,0,
321021_VYP,Sedlecký kaolin a.s. - Jimlíkov,Nová Role,0,
321022_VYP,Sedlecký kaolin a.s. - lom Jimlíkov sever,Nová Role,0,
320121_VYP,CHEVAK - Dolní Žandov ČOV,Dolní Žandov,0,
320120_VYP,CHEVAK - Třebeň ČOV,Třebeň,0,
320116_VYP,CHEVAK - Okrouhlá ČOV,Okrouhlá,0,
320113_VYP,CHEVAK - Plesná ČOV,Plesná,0,
320112_VYP,CHEVAK - Luby ČOV,Luby,0,
320109_VYP,CHEVAK - Nebanice ČOV,Nebanice,0,
320108_VYP,CHEVAK - Libá ČOV,Libá,0,
320107_VYP,CHEVAK - Skalná ČOV,Skalná,0,
320104_VYP,CHEVAK - Cheb ČOV,Cheb,0,
320103_VYP,CHEVAK - Lipová ČOV,Lipová,0,
321100_VYP,Sociální služby Kynšperk n.O. - ČOV VHS II,Kynšperk nad Ohří,0,
321071_VYP,Lias Vintířov-výpust B-Betonárka,Vintířov,0,
321070_VYP,Lias Vintířov-volná výpust A,Vintířov,0,
321060_VYP,Kamenolom Vítkov,Sokolov,0,
321030_VYP,Sedlecký kaolin a.s. - Mírová,Mírová,0,
320700_VYP,VLNAP a.s. ČOV,Nejdek,0,
321440_VYP,Město Nejdek - ČOV,Nejdek,0,
320105_POD,CHEVAK Luby II,Luby,1,Public Supply
321300_VYP,Thun Nová Role - ČOV,Nová Role,0,
321995_POD,Minerální vody Mattoni HV64,Hradiště,1,Mineral Waters
321994_POD,Minerální vody Mattoni HV 63,Hradiště,1,Mineral Waters
321992_POD,Minerální vody Magnesia HV33,Nová Ves,1,Mineral Waters
321991_POD,Minerální vody Magnesia HV34,Mnichov,1,Mineral Waters
321990_POD,Minerální vody Magnesia HV 35,Mnichov,1,Mineral Waters
321976_POD,Minerální vody Mattoni HV 36,Doupovské Hradiště,1,Mineral Waters
310830_POD,"Farma Otročín HV1,3,4,VS1,VS2",Otročín,1,Livestock
321975_POD,Minerální vody Mattoni HV 41,Hradiště,1,Mineral Waters
321973_POD,Minerální vody Mattoni HJ 6,Hradiště,1,Mineral Waters
321972_POD,Minerální vody Mattoni HV 32A,Hradiště,1,Mineral Waters
321966_POD,Minerální vody Mattoni HV9,Kyselka,1,Mineral Waters
321965_POD,Minerální vody Mattoni HV 15,Kyselka,1,Mineral Waters
321964_POD,Minerální vody Mattoni - HV 55,Hradiště,1,Mineral Waters
321963_POD,Minerální vody Mattoni  - HV 57A,Hradiště,1,Mineral Waters
321974_POD,Minerální vody Mattoni HV 42,Hradiště,1,Mineral Waters
321962_POD,Minerální vody Mattoni HV 58,Hradiště,1,Mineral Waters
322000_POD,Minerální vody Magnesia BJ14,Nová Ves,1,Mineral Waters
322002_POD,Minerální vody Magnesia HV24,Nová Ves,1,Mineral Waters
322051_POD,Minerální vody Mattoni HV12A,Kyselka,1,Mineral Waters
322050_POD,Minerální vody Mattoni HV 12,Kyselka,1,Mineral Waters
322040_POD,Petainer Aš,Aš,1,Once-through Cooling
322030_POD,Obec Lipová,Lipová,1,Public Supply
322020_POD,"Minerální vody Aquila HV51a,53,62",Hradiště,1,Mineral Waters
322013_POD,Minerální vody Magnesia HV 13B,Prameny,1,Mineral Waters
322001_POD,Minerální vody Magnesia HV22,Nová Ves,1,Mineral Waters
322011_POD,Minerální vody Magnesia HV 13 A,Prameny,1,Mineral Waters
322009_POD,Minerální vody Magnesia HV14,Prameny,1,Mineral Waters
322008_POD,Minerální vody Magnesia HV14A,Prameny,1,Mineral Waters
322007_POD,Minerální vody Magnesia HV5,Nová Ves,1,Mineral Waters
322006_POD,Minerální vody Magnesia BJ2,Nová Ves,1,Mineral Waters
322005_POD,Minerální vody Magnesia  HV6,Nová Ves,1,Mineral Waters
322004_POD,Minerální vody Magnesia HV3,Nová Ves,1,Mineral Waters
322010_POD,Minerální vody Magnesia HV 50,Prameny,1,Mineral Waters
321961_POD,Minerální vody Mattoni HV 60A,Hradiště,1,Mineral Waters
321960_POD,Minerální vody Mattoni HV 60,Hradiště,1,Mineral Waters
321750_POD,Obec Kaceřov-Horní Pochlovice,Chlum Svaté Maří,1,Public Supply
321530_POV,Město Nejdek Vysoká Pec - ÚV,Nejdek,1,Public Supply
321210_POV,Golf Resort Cihelny-závlaha sportovních areálů,Karlovy Vary,1,Irrigation
321360_POV,Správa parků K.Vary - Dvořákovy sady,Karlovy Vary,1,Irrigation
320650_POV,Immogard s.r.o  Libavské Údolí,Libavské Údolí,1,Industrial Technology
322090_POV,SU vodní areál Michal - převod vody do VD,Sokolov,1,Other Industry
320631_POV,SU Vřesová-retenční nádrž,Vřesová,1,Other Industry
320780_POV,Metalis  Nejdek,Nejdek,1,Once-through Cooling
322080_POV,Golf Lázně Kynžvart,Lázně Kynžvart,1,Irrigation
321690_POV,KMS Kraslice - ÚV Stříbrná,Kraslice,1,Public Supply
320212_POV,VaK K.Vary - Nová Ves-ÚV,Nová Ves,1,Public Supply
320632_POV,SU - Tatrovice - odběr do VD Vřesová,Tatrovice,1,Industrial Technology
321300_POV,Thun  Nová Role - Vojkův rybník,Božičany,3,Industrial Technology; Once-through Cooling; Circulating Cooling
320690_POV,Nejdecká česárna Nejdek - průmysl+požární voda,Nejdek,1,Industrial Technology
370289_POD,VOSS Hrušková,Sokolov,1,Public Supply
321540_POV,Město Nejdek- ÚV Vysoká Pec,Vysoká Pec,1,Public Supply
322201_POV,Volnočasový areál Rolava-přivaděč vody,Karlovy Vary,1,Other Industry
320800_POV,"AGC, závod Oloví",Oloví,1,Industrial Technology
320840_POV,"Synthomer, a.s. Sokolov",Sokolov,3,Industrial Technology; Other Industry; Circulating Cooling
321650_POD,KMS  Bublava,Bublava,1,Public Supply
321641_POD,"Minerální vody Mattoni - HV 9,10,12A",Nová Ves,1,Other Industry
321640_POD,"Pitná voda Mnichov - HV 37, 39, 40, 41",Mnichov,1,Other Industry
321550_POD,"Nejdecká česárna vlny- VS1, VS2",Nejdek,1,Industrial Technology
321540_POD,Město Nejdek - Limnice,Nejdek,1,Public Supply
321530_POD,"Město Nejdek - Vysoká Pec, Nejdek",Nejdek,1,Public Supply
321501_POD,Město Rotava - vrt pro ÚV,Stříbrná,1,Public Supply
321500_POD,Město  Rotava - Lesní - prameniště,Stříbrná,1,Public Supply
321282_POD,"Vodovod Sedlečko - Šemnice, Sedlečko",Šemnice,2,Public Supply; Livestock
321280_POD,Statek Zeos Sadov - Stráň,Sadov,2,Public Supply; Livestock
321250_POD,"KMS Kraslice-Hraničná,Staré Údolí",Kraslice,1,Public Supply
321180_POD,Obec Vysoká Pec-pramenní jímka,Vysoká Pec,1,Public Supply
321090_POD,Betonárka Sadov,Sadov,1,Industrial Technology
320740_POV,Správa parků Karlovy Vary,Karlovy Vary,1,Irrigation
320634_POV,SU - převod vody do Chodovského potoka,Loket,1,Other Industry
322052_POD,Minerální vody Mattoni HV16,Kyselka,1,Mineral Waters
321430_VYP,Čepro Hájek,Hájek,0,
322054_POD,Minerální vody Mattoni HV54,Hradiště,1,Mineral Waters
322057_POD,Minerální vody Mattoni HV 51 B,Hradiště,1,Mineral Waters
320770_POV,Štěrkopísky Cheb,Cheb,1,Industrial Technology
320711_POV,Chetes Cheb,Cheb,1,Irrigation
320710_POV,Chetes  Cheb,Cheb,1,Irrigation
320700_POV,VLNAP a.s.,Nejdek,2,Other Industry; Once-through Cooling
320640_POV,Sametex Kraslice,Kraslice,1,Industrial Technology
320633_POV,SU - ostatní subjekty,Loket,1,Other Industry
320890_POV,Elektrárna Tisová,Březová,2,Other Industry; Circulating Cooling
320630_POV,SU Loket - ČS Loket,Loket,1,Other Industry
320208_POV,Vak K.Vary VD Stanovice - Teplá pro ÚV Březová,Stanovice,1,Public Supply
323140_POV,Zahradkářský svaz  U Jodoka,Cheb,1,Irrigation
323131_POV,AGRO&KOMBINÁT D. Žandov s. r. o.,Milíkov,1,Livestock
322200_POV,Město Karlovy Vary - volnočasový areál,Karlovy Vary,1,Other Industry
322140_POV,Město Sokolov areál Bohemia,Sokolov,1,Irrigation
321710_POV,Golfové hřiště Dolní Rychnov,Dolní Rychnov,1,Irrigation
320301_POV,VOSS VD Horka,Nový Kostel,1,Public Supply
321591_POV,Elektrárna Tisová pro KD Invest-oteplená voda,Březová,1,Other Industry
321160_POV,Statek  Odeř - lom zatopený,Hroznětín,1,Livestock
321130_VYP,"O-I, Manufacturing-Nové Sedlo-výpust A-ČOV",Nové Sedlo,0,
320226_VYP,Vak K.Vary -Teplá - Nová farma ČOV,Teplá,0,
320223_VYP,Vak K.Vary - Horní Slavkov - ČOV,Horní Slavkov,0,
320222_VYP,VaK K.Vary - Bublava ČOV,Kraslice,0,
320219_VYP,Vak K.Vary - Teplá ČOV,Teplá,0,
320218_VYP,"Vak K. Vary - Dlouhá Lomnice ČOV, Bochov, Dlouhá L",Bochov,0,
321279_VYP,SU - Citice ČS mezi viadukty,Citice,0,
321500_POV,Město  Rotava,Stříbrná,1,Public Supply
321271_VYP,SU - výsypka Matyáš,Lomnice,0,
321220_VYP,G Benedikt ČOV,Karlovy Vary,0,
321190_VYP,DIAMO SUL štola Hraničář Kraslice,Kraslice,0,
321180_VYP,Vysoká Pec u Nejdku - ČOV,Vysoká Pec,0,
321171_VYP,DIAMO SUL komín K12 Rotava,Rotava,0,
321170_VYP,DIAMO SUL ČDV Horní Slavkov,Horní Slavkov,0,
321131_VYP,"O-I, Manufacturing-Nové Sedlo-výpust b",Nové Sedlo,0,
321250_VYP,KMS Kraslice ČOV,Kraslice,0,
321580_POV,LB MINERALS s.r.o. - plavírna Velký Luh,Velký Luh,1,Industrial Technology
321550_POV,Nejdecká česárna Nejdek,Nejdek,1,Industrial Technology
140222_POD,Léčebné lázně Lázně Kynžvart,Lázně Kynžvart,1,Mineral Waters
320115_POD,CHEVAK - Odrava - Studna S2,Odrava,1,Public Supply
320114_POD,CHEVAK - Odrava - Studna S1,Odrava,1,Public Supply
320113_POD,CHEVAK - Odrava-KW 30,Odrava,1,Public Supply
320110_POD,CHEVAK - Okrouhlá,Okrouhlá,1,Public Supply
320109_POD,CHEVAK - Brtná - prameniště,Dolní Žandov,1,Public Supply
320108_POD,CHEVAK - Brtná - studna,Dolní Žandov,1,Public Supply
320117_POD,CHEVAK - Loužek Studna S4,Cheb,1,Public Supply
320106_POD,CHEVAK  Luby III,Luby,1,Public Supply
320101_POD,CHEVAK Libá  - vrt HV5,Libá,1,Public Supply
322780_POD,Krásno - VK-4,Krásno,1,Public Supply
322180_POD,Obec Milíkov prameniště,Milíkov,1,Public Supply
322081_POD,Obec Šindelová- Obora,Šindelová,1,Public Supply
322070_POD,Obec Dolní Nivy,Jindřichovice,1,Public Supply
322058_POD,Minerální vody Mattoni HV 34,Kyselka,1,Mineral Waters
320102_POD,CHEVAK Libá vrt HV6,Libá,1,Public Supply
320118_POD,CHEVAK- Kynšperk - Studna S5,Kynšperk nad Ohří,1,Public Supply
320119_POD,CHEVAK - Odrava - Studna S6,Odrava,1,Public Supply
320120_POD,CHEVAK - Luby I,Luby,1,Public Supply
320900_POD,"KMV Aquila - HV26,27,29B,30,28A.1A",Hradiště,1,Other Industry
320700_POD,Vlnap Nejdek - 5 studní,Nejdek,1,Industrial Technology
320316_POD,VOSS Stříbrná - vrt 2020,Stříbrná,1,Public Supply
320315_POD,VOSS Stříbrná  - prameniště,Stříbrná,1,Public Supply
320310_POD,VOSS zdroje pro Oloví,Sokolov,1,Public Supply
320301_POD,VOSS Dolní Rychnov - prameniště,Dolní Rychnov,1,Public Supply
320300_POD,VOSS Březová - prameniště,Březová,1,Public Supply
320215_POD,Vak K.Vary - Bečov,Bečov nad Teplou,1,Public Supply
320204_POD,VaK K. Vary - Prameny,Prameny,1,Public Supply
320136_POD,CHEVAK - Odrava - Studna S9,Odrava,1,Public Supply
320134_POD,CHEVAK - Odrava - Studna S7,Odrava,1,Public Supply
320132_POD,CHEVAK - Libá -  vrt 3,Libá,1,Public Supply
320129_POD,CHEVAK - prameniště Lazy,Lázně Kynžvart,1,Public Supply
320128_POD,CHEVAK - Jindřichov vrt,Cheb,1,Public Supply
320121_POD,CHEVAK - Starý Hrozňatov,Cheb,1,Public Supply
322056_POD,Minerální vody Mattoni HV 59A,Hradiště,1,Mineral Waters
370290_POD,VOSS Jindřichovice U Bartošů,Jindřichovice,1,Public Supply
