ID,TOTAL_OD_VER_V,N_YEARS,FIRST_YEAR,LAST_YEAR,NAZICO,OBEC,X,Y
320208_POV,8309.6,20,2002,2022,Vak K.Vary VD Stanovice - Teplá pro ÚV Březová,Stanovice,-850382.0,-1017182.0
320301_POV,5219.8,21,2002,2022,VOSS VD Horka,Nový Kostel,-877506.0,-1011564.0
320117_POD,1550.359,21,2002,2022,CHEVAK - Loužek Studna S4,Cheb,-880563.0,-1020059.0
320114_POD,589.707,21,2002,2022,CHEVAK - Odrava - Studna S1,Odrava,-878704.0,-1019680.0
320840_POV,514.573,1,2011,2011,"Momentive Specialty Chemicals, a.s.",Sokolov,-865120.0,-1013635.0
320115_POD,461.374,21,2002,2022,CHEVAK - Odrava - Studna S2,Odrava,-877970.0,-1019954.0
320136_POD,455.023,21,2002,2022,CHEVAK - Odrava - Studna S9,Odrava,-880421.0,-1021557.0
320113_POD,348.596,21,2002,2022,CHEVAK - Odrava-KW 30,Odrava,-880360.0,-1020100.0
320107_POD,337.6,11,2002,2012,Chevak Bavory - česká část,Pomezí nad Ohří,-894751.0,-1021979.0
320135_POD,314.9,20,2002,2021,CHEVAK - Odrava - Studna S8,Odrava,-880318.0,-1021736.0
320134_POD,314.2,21,2002,2022,CHEVAK - Odrava - Studna S7,Odrava,-880373.0,-1021878.0
321690_POV,298.6,21,2002,2022,KMS Kraslice - ÚV Stříbrná,Kraslice,-872866.0,-994513.0
320128_POD,265.9,19,2002,2022,CHEVAK - Jindřichov vrt,Cheb,-885602.0,-1019320.0
321500_POV,235.745,21,2002,2022,Město  Rotava,Stříbrná,-869184.0,-996724.0
321500_POD,207.422,21,2002,2022,Město  Rotava - Lesní - prameniště,Stříbrná,-871161.0,-996059.0
321540_POV,206.96,20,2003,2022,Město Nejdek- ÚV Vysoká Pec,Vysoká Pec,-859641.0,-996671.0
321540_POD,197.3,21,2002,2022,Město Nejdek - Limnice,Nejdek,-857177.0,-998692.0
320119_POD,183.7,21,2002,2022,CHEVAK - Odrava - Studna S6,Odrava,-878128.0,-1019641.0
321250_POD,161.8,20,2002,2022,"KMS Kraslice-Hraničná,Staré Údolí",Kraslice,-877573.0,-994894.0
321550_POD,149.328,6,2002,2007,Obec  Krásno,KRÁSNO,-858256.0,-999456.0
320310_POD,146.5,18,2002,2022,VOSS zdroje pro Oloví,Sokolov,-862972.0,-1018164.0
320300_POD,146.1,21,2002,2022,VOSS Březová - prameniště,Březová,-867007.0,-1018093.0
321650_POD,139.1,21,2002,2022,KMS  Bublava,Bublava,-873396.0,-992825.0
320231_POD,131.2,9,2008,2016,Vak K. Vary Krásno - důlní,Krásno,-858800.0,-1023184.0
320118_POD,130.0,21,2002,2022,CHEVAK- Kynšperk - Studna S5,Kynšperk nad Ohří,-876902.0,-1019904.0
320301_POD,122.5,21,2002,2022,VOSS Dolní Rychnov - prameniště,Dolní Rychnov,-865778.0,-1017239.0
320105_POD,105.2,19,2002,2022,CHEVAK Luby II,Luby,-882937.0,-1001576.0
321390_POV,102.87,2,2002,2014,Povodí Ohře - z VD Podhora do VD M. Lázně,Teplá,-858667.0,-1039705.0
320116_POD,94.297,13,2008,2020,CHEVAK - Odrava - Studna S3,Odrava,-877650.0,-1020253.0
321530_POD,82.0,21,2002,2022,"Město Nejdek - Vysoká Pec, Nejdek",Nejdek,-859513.0,-996757.0
320910_POV,69.747,11,2002,2012,SU - úpravna a třídírna uhlí Tisová,Březová,-869651.0,-1016347.0
320106_POD,67.059,12,2011,2022,CHEVAK  Luby III,Luby,-883653.0,-1000206.0
320126_POD,65.1,11,2002,2013,Chevak Schönberg - česká část,Hazlov,-892344.0,-1009591.0
322780_POD,51.233,5,2018,2022,Krásno - VK-4,Krásno,-858800.0,-1023184.0
321640_POD,48.453,3,2002,2005,Pitná voda   Mnichov,MNICHOV,-859614.0,-1030807.0
320214_POD,47.2,14,2002,2016,Vak K.Vary - Stružná,Stružná,-841060.0,-1017614.0
320215_POD,46.4,18,2004,2022,Vak K.Vary - Bečov,Bečov nad Teplou,-855752.0,-1027452.0
320109_POD,46.0,21,2002,2022,CHEVAK - Brtná - prameniště,Dolní Žandov,-878286.0,-1031533.0
320650_POV,45.703,1,2015,2015,Immogard s.r.o  Libavské Údolí,Libavské Údolí,-874312.0,-1018983.0
320129_POD,43.8,21,2002,2022,CHEVAK - prameniště Lazy,Lázně Kynžvart,-870932.0,-1032406.0
320110_POD,41.9,21,2002,2022,CHEVAK - Okrouhlá,Okrouhlá,-880132.0,-1025549.0
320315_POD,36.5,20,2002,2022,VOSS Stříbrná  - prameniště,Stříbrná,-870767.0,-993066.0
320302_POD,31.934,6,2004,2014,VOSS zdroj Háj u Jindřichovic,Jindřichovice,-866712.0,-1003465.0
321180_POD,31.844,13,2002,2022,Obec Vysoká Pec-pramenní jímka,Vysoká Pec,-861019.0,-996341.0
321530_POV,28.4,8,2002,2022,Město Nejdek Vysoká Pec - ÚV,Nejdek,-859376.0,-996561.0
320102_POD,24.957,15,2008,2022,CHEVAK Libá vrt HV6,Libá,-897451.0,-1014281.0
320101_POD,23.995,15,2008,2022,CHEVAK Libá  - vrt HV5,Libá,-897545.0,-1014330.0
320132_POD,23.1,16,2002,2022,CHEVAK - Libá -  vrt 3,Libá,-897136.0,-1015015.0
320212_POV,22.4,20,2002,2022,VaK K.Vary - Nová Ves-ÚV,Nová Ves,-860128.0,-1026406.0
320207_POD,22.0,1,2011,2011,Vak K.Vary Bečov nad Teplou,Bečov nad Teplou,-855455.0,-1026377.0
320108_POD,21.749,15,2008,2022,CHEVAK - Brtná - studna,Dolní Žandov,-878283.0,-1031535.0
322030_POD,20.557,15,2008,2022,Obec Lipová,Lipová,-882432.0,-1027605.0
322250_POD,18.535,4,2016,2019,Ing. Alois Vörös - Dolní Hraničná - S5,Cheb,-891297.0,-1023622.0
320121_POD,17.391,21,2002,2022,CHEVAK - Starý Hrozňatov,Cheb,-887258.0,-1028396.0
322081_POD,17.0,11,2012,2022,Obec Šindelová- Obora,Šindelová,-867490.0,-997651.0
320100_POD,16.8,12,2002,2014,CHEVAK - Nový Kostel - prameniště,Nový Kostel,-879944.0,-1006706.0
322850_POD,16.0,2,2017,2018,Zámek Lužec u Nejdku,Nejdek,-853725.0,-1000575.0
322070_POD,15.559,12,2011,2022,Obec Dolní Nivy,Jindřichovice,-866880.0,-1004734.0
321280_POD,15.058,14,2009,2022,Statek Zeos Sadov - Stráň,Sadov,-843774.0,-1007199.0
321501_POD,13.335,4,2019,2022,Město Rotava - vrt pro ÚV,Stříbrná,-869953.0,-998463.0
320138_POD,11.976,8,2005,2018,CHEVAK - Nový Kostel - studna,Nový Kostel,-880467.0,-1007839.0
320303_POD,11.819,5,2007,2011,VOSS podzemní zdroj Šindelová- Obora,Šindelová,-867490.0,-997651.0
322080_POD,11.217,9,2013,2021,Obec Šindelová - Krásná  Lípa,Šindelová,-866543.0,-997476.0
321750_POD,9.321,17,2004,2022,Obec Kaceřov-Horní Pochlovice,Chlum Svaté Maří,-876506.0,-1017003.0
320120_POD,9.2,10,2011,2022,CHEVAK - Luby I,Luby,-882874.0,-1002303.0
320316_POD,7.793,4,2011,2022,VOSS Stříbrná - vrt 2020,Stříbrná,-870936.0,-993104.0
320204_POD,7.263,8,2014,2022,VaK K. Vary - Prameny,Prameny,-864767.0,-1028491.0
322180_POD,7.172,4,2017,2022,Obec Milíkov prameniště,Milíkov,-875438.0,-1026778.0
321930_POD,6.5,6,2002,2012,"Domov """"PRAMEN"""" Mnichov",Mnichov,-859202.0,-1030860.0
321090_POD,5.508,1,2011,2011,Betonárka Sadov,Sadov,-847897.0,-1007118.0
320237_POD,5.327,2,2019,2020,Vodní zdroj Lučiny,Hradiště,-841236.0,-1014285.0
320304_POD,4.684,3,2004,2011,"Vak Březová Kamenice S1,2",Březová,-867214.0,-1020011.0
370077_POD,4.192,1,2022,2022,Obec Dolní Nivy -Horní Rozmyšl,Dolní Nivy,-864646.0,-1005813.0
321370_POD,3.69,2,2007,2008,Agrokombinát Palič,LIPOVÁ,-881451.0,-1030870.0
370075_POD,3.065,1,2022,2022,Obec Dolní Nivy,Dolní Nivy,-867485.0,-1006153.0
321282_POD,3.008,1,2022,2022,"Vodovod Sedlečko - Šemnice, Sedlečko",Šemnice,-843921.0,-1011629.0
370290_POD,2.035,1,2022,2022,VOSS Jindřichovice U Bartošů,Jindřichovice,-866997.0,-1003411.0
321283_POD,1.472,1,2022,2022,Vodovod Nová Kyselka,Kyselka,-841680.0,-1009489.0
370289_POD,1.032,1,2022,2022,VOSS Hrušková,Sokolov,-862965.0,-1018165.0
370196_POD,0.885,1,2022,2022,Casina Admirál Svatý Kříž - Háje u Chebu,Cheb,-889954.0,-1025569.0
320331_POD,0.748,1,2022,2022,VOSS studna Nadlesí,Loket,-859811.0,-1017471.0
320303_POV,0.536,1,2022,2022,VOSS Podstrání,Rovná,-864228.0,-1023039.0
370203_POD,0.447,1,2022,2022,CHEVAK - vodní zdroj Těšov,Milíkov,-875957.0,-1025054.0
321520_POV,0.3,1,2017,2017,Amati Kraslice 110,Kraslice,-873410.0,-996714.0
370053_POD,0.195,1,2022,2022,VOSS Lobzy,Březová,-865050.0,-1019483.0
