ID,TOTAL_MVM,NAZICO,OBEC,SHARE_%,CUM_SHARE_%,RANK,SYSTEM
320208_POV,166823.769,Vak K.Vary VD Stanovice - Teplá pro ÚV Březová,Stanovice,40.94501658152256,40.94501658152256,1,VAK_KARLOVY_VARY
320301_POV,86594.24,VOSS VD Horka,Nový Kostel,21.25358163238923,62.198598213911794,2,VOSS
320840_POV,33184.535,"Synthomer, a.s. Sokolov",Sokolov,8.144770640118532,70.34336885403033,3,OTHER
320117_POD,25768.862,CHEVAK - Loužek Studna S4,Cheb,6.324677162023397,76.66804601605372,4,CHEVAK
320114_POD,10291.606,CHEVAK - Odrava - Studna S1,Odrava,2.5259588657327186,79.19400488178644,5,CHEVAK
320115_POD,7882.135,CHEVAK - Odrava - Studna S2,Odrava,1.9345813261945863,81.12858620798103,6,CHEVAK
320113_POD,5840.278,CHEVAK - Odrava-KW 30,Odrava,1.433430505641564,82.5620167136226,7,CHEVAK
320136_POD,5723.307,CHEVAK - Odrava - Studna S9,Odrava,1.4047212901426782,83.96673800376527,8,CHEVAK
320135_POD,5029.487,CHEVAK - Odrava - Studna S8,Odrava,1.2344309797457709,85.20116898351104,9,CHEVAK
321390_POV,4488.9220000000005,Povodí Ohře - z VD Podhora do VD M. Lázně,Ovesné Kladruby,1.1017553842891623,86.3029243678002,10,OTHER
320134_POD,4348.832,CHEVAK - Odrava - Studna S7,Odrava,1.067371870433259,87.37029623823346,11,CHEVAK
320128_POD,3952.953,CHEVAK - Jindřichov vrt,Cheb,0.9702078253068324,88.3405040635403,12,CHEVAK
321540_POD,3690.222,Město Nejdek - Limnice,Nejdek,0.905723458265107,89.2462275218054,13,NEJDEK
321690_POV,3533.012,KMS Kraslice - ÚV Stříbrná,Kraslice,0.8671380330863895,90.1133655548918,14,KMS_KRASLICE
321500_POV,3230.137,Město  Rotava,Stříbrná,0.7928007730456537,90.90616632793744,15,ROTAVA
321250_POD,3167.4,"KMS Kraslice-Hraničná,Staré Údolí",Kraslice,0.7774026824697539,91.6835690104072,16,KMS_KRASLICE
321540_POV,3087.485,Město Nejdek- ÚV Vysoká Pec,Vysoká Pec,0.7577884451238012,92.441357455531,17,NEJDEK
320119_POD,2564.281,CHEVAK - Odrava - Studna S6,Odrava,0.6293739117276703,93.07073136725867,18,CHEVAK
321650_POD,2481.2,KMS  Bublava,Bublava,0.6089826153134915,93.67971398257215,19,KMS_KRASLICE
320300_POD,2425.96,VOSS Březová - prameniště,Březová,0.5954245790125415,94.27513856158473,20,VOSS
320107_POD,1773.34,Chevak Bavory - česká část,Pomezí nad Ohří,0.4352463449298835,94.7103849065146,21,CHEVAK
320118_POD,1586.334,CHEVAK- Kynšperk - Studna S5,Kynšperk nad Ohří,0.3893478268905015,95.09973273340508,22,CHEVAK
320301_POD,1572.803,VOSS Dolní Rychnov - prameniště,Dolní Rychnov,0.3860267952252562,95.48575952863035,23,VOSS
321530_POD,1515.718,"Město Nejdek - Vysoká Pec, Nejdek",Nejdek,0.3720159244388743,95.85777545306922,24,NEJDEK
320310_POD,1502.459,VOSS zdroje pro Oloví,Sokolov,0.3687616521124025,96.22653710518162,25,VOSS
321500_POD,1373.762,Město  Rotava - Lesní - prameniště,Stříbrná,0.3371744218838838,96.56371152706552,26,ROTAVA
320650_POV,1335.041,Immogard s.r.o  Libavské Údolí,Libavské Údolí,0.3276707882197078,96.8913823152852,27,OTHER
321550_POD,1219.72,"Nejdecká česárna vlny- VS1, VS2",Nejdek,0.2993665466508834,97.1907488619361,28,OTHER
320106_POD,856.785,CHEVAK  Luby III,Luby,0.2102882355559285,97.40103709749202,29,CHEVAK
320105_POD,840.137,CHEVAK Luby II,Luby,0.2062021713209861,97.607239268813,30,CHEVAK
320215_POD,716.958,Vak K.Vary - Bečov,Bečov nad Teplou,0.1759692720900895,97.78320854090308,31,VAK_KARLOVY_VARY
320110_POD,715.618,CHEVAK - Okrouhlá,Okrouhlá,0.1756403841711309,97.95884892507422,32,CHEVAK
320129_POD,704.066,CHEVAK - prameniště Lazy,Lázně Kynžvart,0.1728050757832132,98.13165400085744,33,CHEVAK
320109_POD,645.01,CHEVAK - Brtná - prameniště,Dolní Žandov,0.1583104452294676,98.2899644460869,34,CHEVAK
320910_POV,605.549,SU - úpravna a třídírna uhlí Tisová,Březová,0.1486251868936278,98.43858963298052,35,OTHER
320116_POD,565.745,CHEVAK - Odrava - Studna S3,Odrava,0.1388557430680845,98.5774453760486,36,CHEVAK
321640_POD,476.975,"Pitná voda Mnichov - HV 37, 39, 40, 41",Mnichov,0.1170681456308047,98.6945135216794,37,OTHER
320214_POD,466.42,Vak K.Vary - Stružná,Stružná,0.114477539672142,98.80899106135156,38,VAK_KARLOVY_VARY
320315_POD,384.225,VOSS Stříbrná  - prameniště,Stříbrná,0.0943037019864687,98.903294763338,39,VOSS
322030_POD,331.48900000000003,Obec Lipová,Lipová,0.0813602443042294,98.98465500764225,40,OTHER
320126_POD,324.125,Chevak Schönberg - česká část,Hazlov,0.07955283338243,99.06420784102468,41,CHEVAK
320231_POD,309.117,Vak K. Vary Krásno - důlní,Krásno,0.0758692886900937,99.14007712971478,42,VAK_KARLOVY_VARY
320212_POV,279.863,VaK K.Vary - Nová Ves-ÚV,Nová Ves,0.0686892236294856,99.20876635334427,43,VAK_KARLOVY_VARY
320102_POD,277.643,CHEVAK Libá vrt HV6,Libá,0.0681443496144944,99.27691070295876,44,CHEVAK
320121_POD,273.585,CHEVAK - Starý Hrozňatov,Cheb,0.06714835918529,99.34405906214408,45,CHEVAK
320101_POD,263.679,CHEVAK Libá  - vrt HV5,Libá,0.0647170429724512,99.40877610511652,46,CHEVAK
321180_POD,249.378,Obec Vysoká Pec-pramenní jímka,Vysoká Pec,0.0612070234731774,99.46998312858967,47,OTHER
322780_POD,209.179,Krásno - VK-4,Krásno,0.0513406313431649,99.52132375993286,48,OTHER
320108_POD,204.991,CHEVAK - Brtná - studna,Dolní Žandov,0.0503127338770465,99.5716364938099,49,CHEVAK
321280_POD,167.406,Statek Zeos Sadov - Stráň,Sadov,0.0410879186277488,99.61272441243766,50,OTHER
320132_POD,144.646,CHEVAK - Libá -  vrt 3,Libá,0.0355017327803624,99.64822614521802,51,CHEVAK
322070_POD,141.303,Obec Dolní Nivy,Jindřichovice,0.0346812310541843,99.6829073762722,52,OTHER
320100_POD,117.603,CHEVAK - Nový Kostel - prameniště,Nový Kostel,0.028864332786036,99.71177170905824,53,CHEVAK
321750_POD,109.561,Obec Kaceřov-Horní Pochlovice,Chlum Svaté Maří,0.0268905143947934,99.73866222345303,54,OTHER
322081_POD,104.059,Obec Šindelová- Obora,Šindelová,0.0255401104170992,99.76420233387012,55,OTHER
321530_POV,99.168,Město Nejdek Vysoká Pec - ÚV,Nejdek,0.0243396695129003,99.78854200338304,56,NEJDEK
321090_POD,89.806,Betonárka Sadov,Sadov,0.0220418719776089,99.81058387536063,57,OTHER
320302_POD,85.651,VOSS zdroj Háj u Jindřichovic,Jindřichovice,0.0210220739900918,99.83160594935072,58,VOSS
322250_POD,66.959,Ing. Alois Vörös - Dolní Hraničná - S5,Cheb,0.0164343329593648,99.8480402823101,59,OTHER
320138_POD,65.159,CHEVAK - Nový Kostel - studna,Nový Kostel,0.0159925432174801,99.86403282552756,60,CHEVAK
321930_POD,64.804,"Domov """"""""PRAMEN"""""""" Mnichov",Mnichov,0.0159054124628306,99.8799382379904,61,OTHER
322080_POD,61.576,Obec Šindelová - Krásná  Lípa,Šindelová,0.0151131361923841,99.89505137418278,62,OTHER
320120_POD,57.724,CHEVAK - Luby I,Luby,0.0141677061447509,99.90921908032752,63,CHEVAK
320303_POD,51.435,VOSS podzemní zdroj Šindelová- Obora,Šindelová,0.0126241418743549,99.92184322220189,64,VOSS
320204_POD,46.113,VaK K. Vary - Prameny,Prameny,0.0113179168708492,99.93316113907274,65,VAK_KARLOVY_VARY
321520_POV,45.342,Amati Kraslice 110,Kraslice,0.0111286835980752,99.9442898226708,66,OTHER
321370_POD,41.722,Agrokombinát Palič,Lipová,0.010240195339396,99.9545300180102,67,OTHER
321501_POD,40.253,Město Rotava - vrt pro ÚV,Stříbrná,0.009879645822269,99.96440966383248,68,ROTAVA
322850_POD,31.358,Zámek Lužec u Nejdku,Nejdek,0.0076964681811222,99.9721061320136,69,OTHER
322180_POD,27.709,Obec Milíkov prameniště,Milíkov,0.0068008621988237,99.97890699421242,70,OTHER
320207_POD,22.0,Vak K.Vary Bečov nad Teplou,Bečov nad Teplou,0.0053996524008128,99.98430664661323,71,VAK_KARLOVY_VARY
320316_POD,19.828,VOSS Stříbrná - vrt 2020,Stříbrná,0.0048665594456053,99.98917320605884,72,VOSS
320304_POD,11.831,"Vak Březová Kamenice S1,2",Březová,0.0029037857979098,99.99207699185676,73,OTHER
320237_POD,9.567,Vodní zdroj Lučiny,Hradiště,0.0023481124781171,99.99442510433488,74,OTHER
321282_POD,7.718999999999999,"Vodovod Sedlečko - Šemnice, Sedlečko",Šemnice,0.0018945416764488,99.99631964601132,75,OTHER
370077_POD,4.192,Obec Dolní Nivy -Horní Rozmyšl,Dolní Nivy,0.0010288792211003,99.9973485252324,76,OTHER
370075_POD,3.065,Obec Dolní Nivy,Dolní Nivy,0.0007522697549314,99.99810079498734,77,OTHER
370290_POD,2.035,VOSS Jindřichovice U Bartošů,Jindřichovice,0.0004994678470751,99.99860026283442,78,VOSS
321283_POD,1.86,Vodovod Nová Kyselka,Kyselka,0.0004565160666141,99.99905677890104,79,OTHER
370289_POD,1.032,VOSS Hrušková,Sokolov,0.0002532927853472,99.99931007168638,80,VOSS
370196_POD,0.885,Casina Admirál Svatý Kříž - Háje u Chebu,Cheb,0.0002172132897599,99.99952728497614,81,OTHER
320331_POD,0.748,VOSS studna Nadlesí,Loket,0.0001835881816276,99.99971087315777,82,VOSS
320303_POV,0.536,VOSS Podstrání,Rovná,0.0001315551675834,99.99984242832537,83,VOSS
370203_POD,0.447,CHEVAK - vodní zdroj Těšov,Milíkov,0.0001097111192346,99.9999521394446,84,CHEVAK
370053_POD,0.195,VOSS Lobzy,Březová,4.786055537084106e-05,99.99999999999996,85,VOSS
