ID,TOTAL_OD_VER_V,NAZICO,OBEC,POC_CELK,POC_NAP_OB,POCOBJ
320208_POV,8309.6,Vak K.Vary VD Stanovice - Teplá pro ÚV Březová,Stanovice,,,
320301_POV,5219.8,VOSS VD Horka,Nový Kostel,,,
320117_POD,1550.359,CHEVAK - Loužek Studna S4,Cheb,,,
320114_POD,589.707,CHEVAK - Odrava - Studna S1,Odrava,,,
320840_POV,514.573,"Momentive Specialty Chemicals, a.s.",Sokolov,,,
320115_POD,461.374,CHEVAK - Odrava - Studna S2,Odrava,,,
320136_POD,455.023,CHEVAK - Odrava - Studna S9,Odrava,,,
320113_POD,348.596,CHEVAK - Odrava-KW 30,Odrava,,,
320107_POD,337.6,Chevak Bavory - česká část,Pomezí nad Ohří,,,
320135_POD,314.9,CHEVAK - Odrava - Studna S8,Odrava,,,
320134_POD,314.2,CHEVAK - Odrava - Studna S7,Odrava,,,
321690_POV,298.6,KMS Kraslice - ÚV Stříbrná,Kraslice,,,
320128_POD,265.9,CHEVAK - Jindřichov vrt,Cheb,,,
321500_POV,235.745,Město  Rotava,Stříbrná,,,
321500_POD,207.422,Město  Rotava - Lesní - prameniště,Stříbrná,,,
321540_POV,206.96,Město Nejdek- ÚV Vysoká Pec,Vysoká Pec,,,
321540_POD,197.3,Město Nejdek - Limnice,Nejdek,,,
320119_POD,183.7,CHEVAK - Odrava - Studna S6,Odrava,,,
321250_POD,161.8,"KMS Kraslice-Hraničná,Staré Údolí",Kraslice,,,
321550_POD,149.328,Obec  Krásno,KRÁSNO,,,
320310_POD,146.5,VOSS zdroje pro Oloví,Sokolov,,,
320300_POD,146.1,VOSS Březová - prameniště,Březová,,,
321650_POD,139.1,KMS  Bublava,Bublava,,,
320231_POD,131.2,Vak K. Vary Krásno - důlní,Krásno,,,
320118_POD,130.0,CHEVAK- Kynšperk - Studna S5,Kynšperk nad Ohří,,,
320301_POD,122.5,VOSS Dolní Rychnov - prameniště,Dolní Rychnov,,,
320105_POD,105.2,CHEVAK Luby II,Luby,,,
321390_POV,102.87,Povodí Ohře - z VD Podhora do VD M. Lázně,Teplá,,,
320116_POD,94.297,CHEVAK - Odrava - Studna S3,Odrava,,,
321530_POD,82.0,"Město Nejdek - Vysoká Pec, Nejdek",Nejdek,,,
320910_POV,69.747,SU - úpravna a třídírna uhlí Tisová,Březová,,,
320106_POD,67.059,CHEVAK  Luby III,Luby,,,
320126_POD,65.1,Chevak Schönberg - česká část,Hazlov,,,
322780_POD,51.233,Krásno - VK-4,Krásno,,,
321640_POD,48.453,Pitná voda   Mnichov,MNICHOV,,,
320214_POD,47.2,Vak K.Vary - Stružná,Stružná,,,
320215_POD,46.4,Vak K.Vary - Bečov,Bečov nad Teplou,,,
320109_POD,46.0,CHEVAK - Brtná - prameniště,Dolní Žandov,,,
320650_POV,45.703,Immogard s.r.o  Libavské Údolí,Libavské Údolí,,,
320129_POD,43.8,CHEVAK - prameniště Lazy,Lázně Kynžvart,,,
320110_POD,41.9,CHEVAK - Okrouhlá,Okrouhlá,,,
320315_POD,36.5,VOSS Stříbrná  - prameniště,Stříbrná,,,
320302_POD,31.934,VOSS zdroj Háj u Jindřichovic,Jindřichovice,,,
321180_POD,31.844,Obec Vysoká Pec-pramenní jímka,Vysoká Pec,,,
321530_POV,28.4,Město Nejdek Vysoká Pec - ÚV,Nejdek,,,
320102_POD,24.957,CHEVAK Libá vrt HV6,Libá,,,
320101_POD,23.995,CHEVAK Libá  - vrt HV5,Libá,,,
320132_POD,23.1,CHEVAK - Libá -  vrt 3,Libá,,,
320212_POV,22.4,VaK K.Vary - Nová Ves-ÚV,Nová Ves,,,
320207_POD,22.0,Vak K.Vary Bečov nad Teplou,Bečov nad Teplou,,,
320108_POD,21.749,CHEVAK - Brtná - studna,Dolní Žandov,,,
322030_POD,20.557,Obec Lipová,Lipová,,,
322250_POD,18.535,Ing. Alois Vörös - Dolní Hraničná - S5,Cheb,,,
320121_POD,17.391,CHEVAK - Starý Hrozňatov,Cheb,,,
322081_POD,17.0,Obec Šindelová- Obora,Šindelová,,,
320100_POD,16.8,CHEVAK - Nový Kostel - prameniště,Nový Kostel,,,
322850_POD,16.0,Zámek Lužec u Nejdku,Nejdek,,,
322070_POD,15.559,Obec Dolní Nivy,Jindřichovice,,,
321280_POD,15.058,Statek Zeos Sadov - Stráň,Sadov,,,
321501_POD,13.335,Město Rotava - vrt pro ÚV,Stříbrná,,,
320138_POD,11.976,CHEVAK - Nový Kostel - studna,Nový Kostel,,,
320303_POD,11.819,VOSS podzemní zdroj Šindelová- Obora,Šindelová,,,
322080_POD,11.217,Obec Šindelová - Krásná  Lípa,Šindelová,,,
321750_POD,9.321,Obec Kaceřov-Horní Pochlovice,Chlum Svaté Maří,,,
320120_POD,9.2,CHEVAK - Luby I,Luby,,,
320316_POD,7.793,VOSS Stříbrná - vrt 2020,Stříbrná,,,
320204_POD,7.263,VaK K. Vary - Prameny,Prameny,,,
322180_POD,7.172,Obec Milíkov prameniště,Milíkov,,,
321930_POD,6.5,"Domov """"PRAMEN"""" Mnichov",Mnichov,,,
321090_POD,5.508,Betonárka Sadov,Sadov,,,
320237_POD,5.327,Vodní zdroj Lučiny,Hradiště,,,
320304_POD,4.684,"Vak Březová Kamenice S1,2",Březová,,,
370077_POD,4.192,Obec Dolní Nivy -Horní Rozmyšl,Dolní Nivy,,,
321370_POD,3.69,Agrokombinát Palič,LIPOVÁ,,,
370075_POD,3.065,Obec Dolní Nivy,Dolní Nivy,,,
321282_POD,3.008,"Vodovod Sedlečko - Šemnice, Sedlečko",Šemnice,,,
370290_POD,2.035,VOSS Jindřichovice U Bartošů,Jindřichovice,,,
321283_POD,1.472,Vodovod Nová Kyselka,Kyselka,,,
370289_POD,1.032,VOSS Hrušková,Sokolov,,,
370196_POD,0.885,Casina Admirál Svatý Kříž - Háje u Chebu,Cheb,,,
320331_POD,0.748,VOSS studna Nadlesí,Loket,,,
320303_POV,0.536,VOSS Podstrání,Rovná,,,
370203_POD,0.447,CHEVAK - vodní zdroj Těšov,Milíkov,,,
321520_POV,0.3,Amati Kraslice 110,Kraslice,,,
370053_POD,0.195,VOSS Lobzy,Březová,,,
